"time","power","units","fan 0","fan 1","fan 2","fan 3","fan 4","fan 5","fan 6","fan 7","fan 8","fan 9","fan 10","temp 0","temp 1","temp 2","temp 3","temp 4","temp 5","temp 6","temp 7","temp 8","temp 9","temp 10","Unit 1 ethash H/s","Unit 2 ethash H/s","Unit 3 ethash H/s","Unit 4 ethash H/s","Unit 5 ethash H/s","Unit 6 ethash H/s","Unit 7 ethash H/s","Unit 8 ethash H/s","Unit 9 ethash H/s","Unit 10 ethash H/s","Unit 11 ethash H/s",
"20/03/2022 17:15:00",1034,11,46,52,60,50,80,61,50,60,60,80,40,58,54,54,47,58,48,53,62,55,58,52,23975022,30895367,32799588,24379395,23743976,25244505,25479152,29588440,43744186,25510089,31551214,
"20/03/2022 17:20:00",1036,11,46,52,60,50,80,60,50,60,60,80,40,59,55,54,47,59,49,53,62,55,59,52,23981825,30877076,32815765,24360088,23740433,25249787,25476897,29472971,43747999,25507829,31553887,
"20/03/2022 17:25:00",1035,11,46,52,60,50,80,60,50,60,60,80,39,59,55,55,47,58,49,53,61,55,58,52,23968900,30887145,32803388,24377327,23748938,25250542,25480660,29618718,43744187,25510848,31546768,
"20/03/2022 17:30:00",1035,11,47,53,60,50,80,60,50,60,60,80,40,59,55,56,48,59,49,53,62,55,59,52,23955754,30888966,32814811,24371801,23733348,25252053,25477644,29492216,43745457,25512356,31553887,
"20/03/2022 17:35:00",1037,11,48,53,60,50,80,60,50,60,60,80,40,60,55,56,48,60,50,54,62,56,59,52,23964524,30911855,32810046,24350453,23726971,25246768,25476137,29628095,43746728,25509334,31549432,
"20/03/2022 17:40:00",1037,11,48,53,60,50,80,60,50,60,60,80,40,60,55,57,48,60,50,54,62,56,59,53,23970937,30911860,32799578,24355263,23729091,25253562,25479151,29523922,43745457,25507067,31550323,
"20/03/2022 17:45:00",1042,11,48,54,60,50,80,60,50,60,60,80,41,61,56,57,48,60,50,54,62,56,59,53,23960746,30929274,32813858,24363541,23712111,25253562,25480659,29579233,43749268,25509334,31554778,
"20/03/2022 17:50:00",1040,11,49,54,60,50,80,60,50,60,60,80,41,61,56,57,49,61,50,55,62,56,60,53,23961124,30928360,32814813,24310604,23708574,25258096,25481412,29490434,43744187,25507069,31551214,
"20/03/2022 17:55:00",1037,11,49,54,60,50,80,60,50,60,60,80,41,61,56,57,49,61,51,55,63,56,60,53,23959524,30931112,32815765,24302355,23700102,25255073,25479905,29496436,43747998,25509334,31552997,
"20/03/2022 18:00:00",1039,11,49,54,60,50,80,60,50,60,60,80,41,61,56,58,49,61,50,55,63,56,60,53,23966180,30920102,32810999,24280443,23700091,25254319,25474632,29525582,43746727,25504808,31555670,
"20/03/2022 18:05:00",1035,11,49,54,60,50,80,60,50,60,60,80,42,60,56,57,50,61,51,55,63,57,60,53,23960109,30918273,32810998,24274286,23700099,25251297,25480658,29487281,43746727,25507068,31550326,
"20/03/2022 18:10:00",1037,11,49,54,60,50,80,60,50,60,60,80,42,61,56,58,49,61,51,55,63,57,60,53,23959187,30928357,32813858,24297558,23681770,25253562,25480659,29517405,43744188,25509334,31554778,
"20/03/2022 18:15:00",1035,11,49,54,60,50,80,60,50,60,60,80,42,61,56,58,50,62,51,55,63,57,61,54,23955896,30926525,32810045,24290751,23693738,25249032,25486690,29356108,43749270,25507824,31552997,
"20/03/2022 18:20:00",1034,11,49,55,60,50,80,60,50,60,60,80,42,61,56,58,50,61,51,55,64,58,61,54,23964138,30921967,32810046,24273609,23677517,25254318,25476894,29324647,43736569,25507823,31555669,
"20/03/2022 18:25:00",1038,11,49,55,60,50,80,60,50,60,60,80,42,61,56,58,50,62,51,56,64,58,61,54,23964142,30929275,32808140,24273593,23687382,25248278,25374934,29244069,43740380,25507068,31551214,
"20/03/2022 18:30:00",1031,11,49,55,60,50,80,60,50,60,60,80,42,61,56,58,50,62,51,56,64,58,61,54,23964139,30914617,32810047,24268830,23681037,25245272,25339734,29355970,43746728,25508579,31554778,
"20/03/2022 18:35:00",1037,11,50,55,60,50,80,60,50,60,60,80,42,61,56,58,50,63,51,56,64,58,61,54,23957226,30921941,32816718,24255165,23663439,25254318,25347190,29304839,43747998,25510094,31552996,
"20/03/2022 18:40:00",1038,11,49,55,60,50,80,60,50,60,60,80,42,61,56,58,50,62,51,56,64,58,61,54,23958729,30939375,32811000,24276333,23682445,25252052,25346444,29364340,43747999,25510845,31556563,
"20/03/2022 18:45:00",1040,11,49,54,60,50,80,60,50,60,60,80,42,61,56,58,50,62,51,56,64,58,61,54,23962404,30933866,32810046,24267431,23678921,25252809,25343463,29433090,43745457,25511603,31549432,
"20/03/2022 18:50:00",1044,11,49,55,60,50,80,60,50,60,60,80,42,61,56,58,50,63,51,56,64,58,61,54,23968899,30913797,32814811,24271551,23681033,25249789,25342719,29436361,43747999,25510090,31554778,
"20/03/2022 18:55:00",1037,11,49,55,60,50,80,60,50,60,60,80,42,61,56,58,50,62,51,56,64,58,61,54,23975020,30926522,32815766,24279063,23673986,25252055,25341983,29180996,43746727,25514624,31551214,
"20/03/2022 19:00:00",1040,11,49,55,60,50,80,60,50,60,60,80,42,61,56,58,50,62,51,55,64,58,61,54,23969579,30927440,32814811,24276341,23688087,25255075,25350919,29482101,43755625,25516135,31554778,
"20/03/2022 19:05:00",1038,11,49,55,60,50,80,60,50,60,60,80,42,60,56,58,50,62,51,55,64,58,61,54,23967540,30910961,32810046,24285219,23687385,25255073,25352411,29557566,43744186,25515379,31552996,
"20/03/2022 19:10:00",1039,11,49,54,60,50,80,60,50,60,60,80,42,61,56,58,50,62,51,55,63,58,61,54,23962189,30918272,32813857,24279753,23688794,25248282,25347190,29288628,43745457,25512356,31549432,
"20/03/2022 19:15:00",1042,11,49,54,60,50,80,60,50,60,60,80,42,61,56,58,50,62,51,55,63,58,61,54,23969579,30908190,32810999,24274287,23688795,25252054,25344952,29499740,43742917,25513869,31551216,
"20/03/2022 19:20:00",1037,11,49,55,60,50,80,60,50,60,60,80,42,61,56,58,50,62,51,55,64,58,61,54,23970259,30897227,32815766,24285227,23691616,25252056,25347190,29435553,43745457,25513868,31554778,
"20/03/2022 19:25:00",1037,11,49,55,60,50,80,60,50,60,60,80,42,61,56,58,50,62,50,55,64,58,61,54,23964523,30920104,32808143,24268815,23691619,25248277,25350919,29270273,43747999,25510092,31554779,
"20/03/2022 19:30:00",1040,11,49,54,60,50,80,60,50,60,60,80,42,61,56,57,50,62,51,55,64,58,61,53,23963463,30917352,32810048,24281144,23687388,25254321,25341229,29508841,43749270,25513112,31555670,
"20/03/2022 19:35:00",1036,11,49,54,60,50,80,61,50,60,60,80,42,60,56,57,50,62,51,55,64,57,61,54,23959449,30917390,32813857,24279088,23691630,25250543,25346444,29591830,43746727,25513868,31555669,
"20/03/2022 19:40:00",1041,11,49,54,60,50,80,60,50,60,60,80,42,61,56,57,50,62,51,55,64,57,61,54,23971619,30901796,32810999,24274985,23687384,25254319,25342716,29458124,43744186,25513112,31550323,
"20/03/2022 19:45:00",1038,11,49,54,60,50,80,60,50,60,60,80,42,60,56,57,50,62,51,55,63,57,61,53,23941254,30907274,32811953,24281120,23676823,25251299,25350174,29316612,43741651,25513113,31553888,
"20/03/2022 19:50:00",1037,11,49,54,60,50,80,60,50,60,60,80,42,60,56,57,50,62,51,55,63,57,61,53,23965204,30917353,32811952,24290715,23695853,25252809,25347189,29321371,43742915,25512357,31552998,
"20/03/2022 19:55:00",1038,11,49,54,60,50,80,60,50,60,60,80,42,60,56,57,50,62,51,55,63,57,61,54,23943762,30903622,32815765,24287961,23697265,25239266,25343461,29473191,43750540,25512356,31553888,
"20/03/2022 20:00:00",1041,11,49,54,60,50,80,60,50,60,60,80,42,61,56,57,49,62,51,55,63,57,60,53,23968218,30921020,32813859,24296182,23693034,25249790,25339010,29464698,43744186,25514623,31554779,
"20/03/2022 20:05:00",1038,11,49,54,60,50,80,60,50,60,60,80,42,60,56,57,50,62,51,55,63,57,60,54,23964820,30908189,32808150,24294135,23694442,25234736,25348682,29663314,43747999,25514624,31552997,
"20/03/2022 20:10:00",1036,11,49,54,60,50,80,60,50,60,60,80,42,60,56,57,49,62,50,55,63,57,60,53,23967123,30902692,32816718,24283202,23695854,25253563,25344208,29525537,43746727,25519160,31553002,
"20/03/2022 20:15:00",1036,11,48,54,60,50,80,60,50,60,60,80,42,61,56,57,49,62,50,55,63,57,60,53,23965500,30915531,32806240,24297556,23697269,25252807,25482919,29544841,43737838,25519915,31557453,
"20/03/2022 20:20:00",1039,11,49,54,60,50,80,60,50,60,60,80,42,60,56,57,50,61,50,55,63,57,60,53,23965204,30916435,32810999,24284542,23704330,25255829,25479905,29500580,43745457,25512356,31552105,
"20/03/2022 20:25:00",1037,11,49,54,60,50,80,60,50,60,60,80,41,60,56,57,49,61,50,55,63,57,60,53,23968218,30919189,32808144,24303721,23709280,25251296,25481412,29337807,43744187,25516892,31555669,
"20/03/2022 20:30:00",1040,11,48,54,60,50,80,60,50,60,60,80,41,60,56,57,49,61,50,55,63,57,60,53,23964485,30933864,32816718,24298240,23706452,25250544,25483673,29379286,43747998,25515380,31554778,
"20/03/2022 20:35:00",1039,11,49,54,60,50,80,60,50,60,60,80,41,61,56,57,49,61,50,55,63,57,60,53,23966859,30905444,32809095,24288649,23707870,25251296,25477644,29328701,43745457,25516135,31552996,
"20/03/2022 20:40:00",1037,11,49,54,60,50,80,60,50,60,60,80,41,60,56,57,49,61,50,54,63,57,60,53,23958546,30901776,32813858,24295505,23712106,25250542,25482166,29358481,43745456,25518403,31552105,
"20/03/2022 20:45:00",1008,11,48,54,60,50,80,60,50,60,60,80,41,60,55,57,49,61,50,54,63,57,60,53,23970939,30897197,32815766,24287966,23709285,25254318,25478397,29473807,43746728,25517647,31554778,
"20/03/2022 20:50:00",1043,11,48,54,60,50,80,60,50,60,60,80,41,60,56,57,49,60,50,54,63,57,60,53,23966862,30897197,32812904,24299650,23712817,25247523,25480658,29577500,43745456,25512356,31552996,
"20/03/2022 20:55:00",1040,11,48,53,60,50,80,60,50,60,60,80,41,60,55,56,49,60,50,54,63,57,60,53,23971619,30902691,32814812,24296184,23710695,25253564,25482166,29419797,43745457,25518404,31553888,
"20/03/2022 21:00:00",1040,11,48,53,60,50,80,60,50,60,60,80,41,60,56,57,49,61,50,54,63,57,60,53,23967245,30908189,32811951,24294816,23701514,25247528,25478397,29297574,43741645,25513868,31553888,
"20/03/2022 21:05:00",1042,11,48,54,60,50,80,60,50,60,60,80,41,60,56,56,49,61,50,54,63,57,60,53,23970941,30896285,32810998,24283878,23704338,25252807,25479154,29407429,43746729,25510845,31551214,
"20/03/2022 21:10:00",1036,11,48,54,60,50,80,60,50,60,60,80,41,60,56,57,49,60,50,54,63,57,60,53,23962870,30918271,32812906,24302355,23711402,25252052,25482920,29329579,43742917,25513114,31553888,
"20/03/2022 21:15:00",1017,11,48,54,60,50,80,60,50,60,60,80,41,60,56,57,49,61,50,54,63,57,60,53,23953413,30899035,32804340,24296867,23709281,25245262,25476136,29319717,43734047,25513112,31552105,
"20/03/2022 21:20:00",1043,11,48,53,60,50,80,60,50,60,60,80,41,60,56,56,49,60,50,54,63,57,60,53,23957828,30891712,32807188,24296182,23704348,25247525,25479905,29265405,43741646,25513868,31556561,
"20/03/2022 21:25:00",1035,11,48,54,60,50,80,60,50,60,60,80,41,60,56,57,49,60,50,54,63,57,60,53,23961427,30908191,32813858,24271555,23714230,25255829,25482920,29622906,43744186,25516891,31556561,
"20/03/2022 21:30:00",1036,11,48,54,60,50,80,60,50,60,60,80,41,60,56,57,49,61,50,54,63,57,60,53,23969578,30908190,32814811,24286025,23714935,25255831,25480659,29581721,43746727,25514624,31552996,
"20/03/2022 21:35:00",1038,11,48,53,60,50,80,60,50,60,60,80,41,60,55,57,49,61,50,54,63,57,60,53,23965500,30899036,32813857,24295504,23705763,25251299,25477645,29474665,43744186,25516891,31550323,
"20/03/2022 21:40:00",1045,11,48,53,60,50,80,60,50,60,60,80,41,60,55,56,49,60,50,54,63,57,60,53,23968900,30902691,32803399,24288649,23716353,25252052,25483674,29518861,43745457,25514624,31556561,
"20/03/2022 21:45:00",1027,11,48,53,60,50,80,60,50,60,60,80,41,60,55,56,49,60,50,54,63,57,59,53,23971620,30900860,32814811,24301679,23724134,25252052,25479152,29459724,43744186,25516891,31552105,
"20/03/2022 21:50:00",1037,11,48,53,60,50,80,60,50,60,60,80,41,60,56,56,49,60,50,54,63,57,60,53,23967540,30892623,32814812,24281122,23718477,25250541,25478397,29568344,43747998,25516136,31554778,
"20/03/2022 21:55:00",1033,11,48,53,60,50,80,60,50,60,60,80,41,60,56,56,49,60,50,54,63,57,60,53,23965499,30894453,32809092,24303040,23718477,25252053,25476138,29450848,43741648,25513867,31549432,
"20/03/2022 22:00:00",1038,11,48,53,60,50,80,60,50,60,60,80,41,60,56,56,49,60,50,54,63,57,60,53,23962246,30890789,32791058,24296867,23709308,25244504,25484428,29497277,43741650,25515380,31554779,
"20/03/2022 22:05:00",1037,11,48,53,60,50,80,60,50,60,60,80,41,60,55,56,49,60,50,54,63,57,60,53,23970939,30892640,32813858,24296181,23724847,25249787,25482167,29421509,43746727,25514624,31553887,
"20/03/2022 22:10:00",1038,11,48,53,60,50,80,60,50,60,60,80,41,60,55,56,49,61,50,54,63,56,59,53,23965762,30899946,32811951,24302353,23721305,25247522,25480658,29432240,43747999,25517647,31549432,
"20/03/2022 22:15:00",1039,11,48,53,60,50,80,60,50,60,60,80,41,60,55,56,49,61,50,54,63,56,60,53,23971325,30888053,32798644,24306469,23717059,25257342,25482166,29479767,43742915,25519160,31552997,
"20/03/2022 22:20:00",1037,11,47,53,60,50,80,60,50,60,60,80,41,60,55,56,49,61,49,54,63,56,60,53,23977061,30894453,32810057,24298935,23724843,25249787,25478397,29322917,43740385,25516891,31553888,
"20/03/2022 22:25:00",1041,11,48,53,60,50,80,60,50,60,60,80,41,60,55,56,49,60,49,54,62,56,59,53,23970260,30892621,32811953,24306466,23718474,25249032,25474630,29499678,43746727,25516136,31551214,
"20/03/2022 22:30:00",1040,11,47,53,60,50,80,60,50,60,60,80,41,59,55,55,48,60,49,54,63,56,60,53,23952704,30892629,32809092,24309220,23720613,25250543,25477643,29645983,43741646,25518403,31549435,
"20/03/2022 22:35:00",1038,11,47,52,60,50,80,60,50,60,60,80,41,59,55,55,48,60,49,53,63,56,60,53,23968565,30884387,32808143,24296878,23731219,25250541,25479905,29525597,43740375,25516891,31552996,
"20/03/2022 22:40:00",1035,11,46,52,60,50,80,60,50,60,60,80,40,59,55,55,48,60,49,53,63,56,59,53,23954220,30873413,32807187,24316774,23730510,25252052,25479151,29327170,43740375,25519159,31545878,
"20/03/2022 22:45:00",1039,11,47,52,60,50,80,60,50,60,60,80,40,59,55,55,48,59,49,53,63,56,59,53,23977061,30895367,32811953,24331193,23735469,25251298,25476891,29675330,43744186,25516891,31553887,
"20/03/2022 22:50:00",1038,11,47,52,60,50,80,60,50,60,60,80,40,59,54,55,48,59,49,53,62,56,59,53,23972981,30866133,32807187,24321566,23735476,25255074,25484427,29681975,43745459,25516135,31553888,
"20/03/2022 22:55:00",1038,11,47,52,60,50,80,60,50,60,60,80,40,59,55,55,48,60,49,53,62,56,59,53,23970604,30879826,32813858,24313327,23739012,25247523,25477643,29651603,43749269,25520672,31552104,
"20/03/2022 23:00:00",1040,11,47,52,60,50,80,60,50,60,60,80,40,59,54,56,48,59,49,53,62,56,59,53,23973659,30864275,32807196,24318142,23741852,25249787,25479152,29483102,43739112,25516136,31552105,
"20/03/2022 23:05:00",1036,11,47,52,60,50,80,60,50,60,60,80,40,58,55,55,48,60,49,54,62,56,59,53,23979103,30887135,32811953,24325010,23734759,25251300,25482919,29541459,43747997,25514624,31544105,
"20/03/2022 23:10:00",1039,11,46,53,60,50,80,60,50,60,60,80,40,58,55,54,48,60,49,54,62,56,59,52,23950562,30884387,32811951,24332565,23711429,25247523,25471624,29505668,43750540,25508586,31544978,
"20/03/2022 23:15:00",1040,11,46,53,60,50,80,60,50,60,60,80,40,59,55,54,47,60,49,54,62,56,59,53,23977742,30884386,32808139,24327759,23714233,25252809,25475388,29636405,43742915,25513117,31551214,
"20/03/2022 23:20:00",1032,11,46,53,60,50,79,60,50,60,60,80,40,58,55,54,47,60,49,54,62,56,59,53,23977061,30891705,32811955,24329143,23729799,25250545,25477644,29625614,43744186,25516136,31547651,
"20/03/2022 23:25:00",1037,11,46,53,60,50,80,60,50,60,60,80,40,59,55,54,47,60,49,54,62,56,59,52,23967648,30897197,32810048,24320240,23732635,25255077,25478407,29560977,43739107,25511616,31545868,
"20/03/2022 23:30:00",1039,11,46,53,60,50,80,60,50,60,60,80,41,59,56,55,48,61,50,54,62,56,59,53,23970939,30877983,32812905,24317445,23715644,25250543,25482920,29501330,43745457,25516136,31552996,
"20/03/2022 23:35:00",1039,11,46,53,60,50,80,60,50,60,60,80,41,59,55,55,48,61,50,55,62,57,59,53,23967573,30902694,32810048,24322256,23711408,25253564,25485182,29666725,43747999,25518405,31552106,
"20/03/2022 23:40:00",1040,11,47,53,60,50,80,60,50,60,60,80,41,59,55,55,48,61,50,54,63,57,59,53,23977061,30899030,32808150,24297584,23713522,25249038,25484428,29628949,43739112,25516135,31555669,
"20/03/2022 23:45:00",1036,11,46,53,60,50,80,60,50,60,60,80,41,59,55,55,48,60,50,54,62,57,59,53,23976381,30885342,32814811,24322944,23714936,25254320,25485181,29597030,43746727,25513868,31548541,
"20/03/2022 23:50:00",1039,11,46,53,60,50,80,60,50,60,60,80,41,59,55,55,48,60,49,55,62,57,59,53,23977745,30878917,32811001,24330514,23716359,25252054,25486690,29604474,43741648,25522184,31553887,
"20/03/2022 23:55:00",1038,11,46,53,60,50,80,60,50,60,60,80,41,59,55,55,48,60,49,54,62,57,59,53,23975701,30898113,32813858,24324325,23726970,25254322,25476890,29518146,43746728,25516893,31549434,
"21/03/2022 00:00:00",1036,11,46,52,60,50,80,59,50,60,60,80,41,59,55,55,48,60,49,54,62,57,59,53,23960016,30899945,32812907,24331882,23724859,25256585,25480658,29282693,43749269,25519160,31553887,
"21/03/2022 00:05:00",1038,11,46,52,60,50,80,60,50,60,60,80,41,59,55,54,48,60,49,54,63,57,60,53,23973662,30899029,32807197,24326419,23723432,25254322,25477646,29539819,43742931,25517647,31552996,
"21/03/2022 00:10:00",1035,11,46,52,60,50,80,60,50,60,60,80,41,59,55,54,48,60,49,54,63,56,59,53,23967687,30905440,32802438,24330499,23726972,25251296,25477644,29354391,43737842,25518403,31554780,
"21/03/2022 00:15:00",1038,11,46,52,60,50,80,60,50,60,60,80,41,59,55,54,48,60,49,53,63,57,59,53,23970942,30895372,32812905,24322251,23725554,25249786,25477644,29576609,43746727,25516136,31553887,
"21/03/2022 00:20:00",1039,11,46,52,60,50,80,60,50,60,60,80,41,58,55,54,48,60,49,53,63,56,60,53,23958438,30871603,32811953,24324319,23729123,25252052,25471616,29579789,43744187,25519160,31551214,
"21/03/2022 00:25:00",1040,11,46,52,60,50,80,60,50,60,60,80,41,59,55,54,48,60,49,54,62,56,59,53,23972300,30890789,32805289,24333249,23728387,25241504,25480659,29488818,43745457,25515380,31553887,
"21/03/2022 00:30:00",1034,11,46,53,60,50,79,60,50,60,60,80,41,59,55,54,48,60,49,54,62,56,59,53,23973662,30881648,32812906,24318862,23722723,25255074,25478398,29633902,43746727,25510845,31550322,
"21/03/2022 00:35:00",1033,11,46,53,60,50,80,60,50,60,60,80,41,59,55,55,48,60,49,54,62,57,59,53,23974343,30888960,32810048,24324351,23717769,25249792,25481412,29548992,43747999,25515379,31544989,
"21/03/2022 00:40:00",1043,11,46,52,60,50,80,60,50,60,60,80,41,59,55,55,48,60,49,54,62,56,59,53,23957385,30893538,32811952,24322967,23723441,25252808,25474630,29606010,43745457,25518405,31551215,
"21/03/2022 00:45:00",1038,11,46,52,60,50,80,60,50,60,60,80,41,59,55,55,48,60,49,54,62,56,59,53,23972687,30888049,32796721,24333955,23725556,25248280,25478397,29466481,43742917,25517647,31558343,
"21/03/2022 00:50:00",1039,11,46,52,60,50,80,60,50,60,60,80,41,59,55,54,48,60,49,54,62,56,59,53,23972006,30888962,32811952,24314704,23719901,25251298,25482920,29535670,43745456,25520671,31551214,
"21/03/2022 00:55:00",1038,11,46,52,60,50,80,60,50,60,60,80,41,58,55,54,48,60,49,54,62,56,59,53,23979784,30891705,32811952,24298251,23723432,25250545,25475384,29413919,43745457,25513870,31552996,
"21/03/2022 01:00:00",1036,11,46,52,60,50,80,60,50,60,60,80,41,59,55,54,48,60,49,54,62,56,59,53,23957902,30859842,32816718,24308532,23726968,25255075,25482920,29601074,43747998,25515379,31552997,
"21/03/2022 01:05:00",1036,11,46,52,60,50,80,60,50,60,60,80,41,58,55,54,48,60,49,54,62,56,59,53,23962401,30905440,32811951,24292389,23717068,25244505,25477644,29287591,43742917,25516891,31552105,
"21/03/2022 01:10:00",1035,11,46,52,60,50,80,59,50,60,60,80,41,59,55,54,48,60,49,54,62,56,59,53,23965807,30878946,32811952,24325699,23719188,25256587,25480658,29492965,43747997,25519159,31555670,
"21/03/2022 01:15:00",1038,11,46,52,60,50,80,60,50,60,60,80,41,58,55,54,48,59,49,53,63,56,59,53,23975704,30892621,32813857,24321565,23734053,25248279,25482166,29518196,43744186,25513112,31554778,
"21/03/2022 01:20:00",1038,11,46,52,60,50,80,60,50,60,60,80,41,58,55,54,48,59,49,53,62,56,59,53,23972979,30891708,32810998,24327763,23746102,25248277,25483675,29432514,43746727,25513112,31551214,
"21/03/2022 01:25:00",1031,11,45,52,60,50,80,60,50,60,60,80,41,58,54,54,47,59,49,53,62,56,59,53,23973662,30892624,32812905,24338071,23748937,25252053,25488198,29661820,43741648,25517647,31553888,
"21/03/2022 01:30:00",1039,11,45,52,60,50,80,60,50,60,60,80,41,58,55,54,48,59,49,53,62,56,59,53,23964486,30887128,32809093,24337421,23723470,25252053,25480662,29424693,43746727,25513869,31554778,
"21/03/2022 01:35:00",1032,11,45,52,60,50,80,60,50,60,60,80,40,58,54,54,48,59,49,53,62,56,59,53,23967844,30882554,32811953,24322253,23743265,25246769,25478399,29517226,43747998,25519917,31548542,
"21/03/2022 01:40:00",1036,11,45,52,60,49,80,60,50,60,60,80,41,58,54,54,48,59,49,53,62,56,59,53,23979103,30863502,32814811,24324314,23736897,25244509,25482921,29559052,43747999,25520671,31555670,
"21/03/2022 01:45:00",1020,11,45,52,60,50,80,60,50,60,60,80,41,58,54,54,47,59,49,53,62,56,59,53,23977742,30890792,32810047,24324313,23741139,25254319,25484428,29441385,43746729,25513869,31552997,
"21/03/2022 01:50:00",1037,11,45,52,60,50,80,60,50,60,60,80,41,58,55,54,48,59,49,53,62,56,59,53,23971965,30879813,32804336,24317463,23739035,25246769,25479152,29493110,43742916,25513871,31550324,
"21/03/2022 01:55:00",1034,11,45,52,60,50,80,60,50,60,60,80,40,58,55,54,47,59,49,53,62,56,59,52,23980464,30884386,32814812,24340843,23736884,25249787,25485181,29518106,43750540,25513869,31556561,
"21/03/2022 02:00:00",1038,11,45,52,60,50,79,60,50,60,60,80,41,58,55,54,47,59,49,54,62,56,59,53,23970370,30885303,32808154,24342198,23736185,25248280,25479151,29622050,43746728,25514623,31554778,
"21/03/2022 02:05:00",1036,11,45,52,60,50,80,60,50,60,60,80,41,58,55,54,47,60,49,54,62,56,59,53,23980465,30873419,32810047,24344251,23739721,25241532,25479905,29628732,43744187,25514623,31551214,
"21/03/2022 02:10:00",1034,11,45,52,60,50,80,61,50,60,60,80,40,58,55,54,47,59,49,54,62,56,59,53,23965311,30891707,32812905,24325703,23723442,25247532,25477643,29687018,43749269,25516891,31553887,
"21/03/2022 02:15:00",1034,11,45,52,60,50,80,59,50,60,60,80,41,58,55,54,47,59,49,54,62,56,59,53,23983187,30880726,32815765,24330497,23745392,25252054,25477651,29656565,43744188,25514634,31554778,
"21/03/2022 02:20:00",1037,11,45,52,60,50,80,60,50,60,60,80,41,58,55,54,48,59,49,54,62,56,59,53,23977742,30880778,32814811,24322948,23741846,25250541,25482166,29518010,43747999,25520672,31557452,
"21/03/2022 02:25:00",1030,11,45,52,60,50,80,60,50,60,60,80,41,58,55,54,47,59,49,53,62,56,59,53,23977743,30870677,32814811,24311283,23741852,25246019,25480658,29848512,43747997,25520671,31549432,
"21/03/2022 02:30:00",1041,11,45,52,60,50,80,60,50,60,60,80,40,58,55,53,48,59,49,53,62,56,59,53,23979784,30882557,32813860,24328440,23732636,25249787,25475383,29687913,43745456,25516136,31548541,
"21/03/2022 02:35:00",1036,11,45,52,60,50,80,60,50,60,60,80,41,58,54,53,47,59,49,53,62,56,59,53,23976383,30871583,32814812,24315417,23737594,25250542,25479151,29485578,43750543,25520671,31552105,
"21/03/2022 02:40:00",1020,11,45,52,60,50,80,60,50,60,60,80,41,58,55,53,48,59,49,53,62,56,59,53,23977742,30864276,32807187,24322252,23747527,25254318,25475383,29613678,43745459,25519160,31552996,
"21/03/2022 02:45:00",1036,11,45,52,60,50,80,60,50,60,60,80,41,58,54,53,47,59,49,53,62,56,59,53,23973663,30866101,32810047,24317448,23741846,25251296,25479152,29673387,43742917,25514629,31555670,
"21/03/2022 02:50:00",1042,11,45,52,60,50,80,60,50,60,60,80,41,58,54,53,48,59,49,53,62,56,59,53,23967888,30874326,32813858,24331875,23741852,25246031,25473124,29631275,43745457,25517647,31553888,
"21/03/2022 02:55:00",1039,11,45,52,60,50,80,60,50,60,60,80,41,58,54,53,48,59,49,53,62,56,59,53,23980465,30875241,32817672,24317450,23749649,25256585,25482919,29813418,43746727,25518403,31553888,
"21/03/2022 03:00:00",1034,11,45,52,60,50,80,60,50,60,60,80,40,58,54,53,47,59,49,53,62,56,59,53,23974052,30884386,32805283,24333270,23738310,25246774,25479151,29839857,43745457,25519915,31552996,
"21/03/2022 03:05:00",1031,11,45,52,60,50,80,60,50,60,60,80,40,58,54,53,47,59,48,53,62,56,59,52,23977451,30879818,32817672,24333281,23728395,25252053,25479905,29898965,43744186,25520671,31547652,
"21/03/2022 03:10:00",1034,11,45,52,60,50,80,60,50,60,60,80,40,58,54,53,47,59,48,53,62,56,59,52,23977746,30874343,32813858,24325697,23731217,25246766,25479151,29791485,43746729,25516895,31552105,
"21/03/2022 03:15:00",1040,11,45,52,60,50,80,60,50,60,60,80,40,58,55,53,47,59,49,53,62,56,59,52,23976382,30879813,32808141,24339443,23750363,25255075,25480659,29514657,43747998,25519160,31550326,
"21/03/2022 03:20:00",1039,11,45,52,60,50,80,60,50,60,60,80,41,58,55,53,47,59,48,53,62,56,59,52,23970945,30862476,32816721,24326380,23740438,25252052,25476891,29720839,43753083,25520672,31555670,
"21/03/2022 03:25:00",1033,11,45,52,60,50,80,60,50,60,60,80,40,58,54,53,47,59,48,53,62,55,58,53,23981145,30888962,32810998,24330500,23749649,25248279,25480658,29704847,43742915,25519915,31553887,
"21/03/2022 03:30:00",1031,11,45,52,60,50,80,60,50,60,60,80,40,58,54,53,47,59,49,53,62,56,59,52,23980468,30888044,33128413,24336005,23740430,25252810,25478397,29686088,43745457,25513869,31555669,
"21/03/2022 03:35:00",1038,11,45,52,60,50,80,60,50,60,60,80,40,58,54,53,47,59,49,53,62,55,59,52,23976383,30876157,32814811,24333935,23736891,25255074,25480658,29521386,43747997,25519916,31552998,
"21/03/2022 03:40:00",1033,11,45,52,60,50,80,60,50,60,60,80,40,58,54,53,47,59,49,53,62,55,59,53,23977063,30869757,32809094,24338058,23744689,25252809,25478397,29745463,43742918,25519916,31551213,
"21/03/2022 03:45:00",1032,11,45,52,60,50,80,60,50,60,60,80,41,58,54,53,47,59,48,53,62,55,59,52,23972691,30872497,32810999,24329817,23739732,25255074,25481412,29606879,43744187,25517648,31548541,
"21/03/2022 03:50:00",1036,11,44,51,60,50,80,60,50,60,60,80,41,58,54,53,47,59,49,53,62,55,59,53,23982510,30857950,32809094,24326376,23754617,25255829,25482920,29600303,43745457,25520671,31552996,
"21/03/2022 03:55:00",1032,11,44,51,60,50,80,59,50,60,60,80,40,58,54,53,47,59,48,53,62,55,59,53,23981144,30868847,32811953,24331196,23751071,25249787,25478397,29579401,43747998,25515380,31550322,
"21/03/2022 04:00:00",1035,11,45,51,60,50,80,60,50,60,60,80,41,58,54,53,47,59,48,52,62,55,59,53,23979783,30863359,32813858,24340821,23761003,25249032,25485181,29839142,43742915,25520672,31555670,
"21/03/2022 04:05:00",1035,11,44,51,60,50,80,60,50,60,60,80,40,57,54,53,47,59,48,53,62,55,59,52,23981826,30866104,32805285,24347709,23748950,25255073,25476891,29678610,43740383,25520671,31554778,
"21/03/2022 04:10:00",1038,11,44,51,60,50,80,60,50,60,60,80,40,58,54,53,47,59,48,53,62,56,59,53,23978773,30873414,32807195,24314746,23748948,25248284,25477644,29489832,43737841,25517647,31552111,
"21/03/2022 04:15:00",1035,11,44,51,60,50,80,60,50,60,60,80,40,57,54,52,47,59,48,52,62,55,59,52,23973248,30861535,32811000,24326385,23751076,25241486,25479905,29557453,43745457,25513869,31532550,
"21/03/2022 04:20:00",1033,11,44,51,60,50,80,60,50,60,60,80,40,57,54,53,47,59,48,53,62,55,58,52,23952286,30873413,32816719,24336712,23751776,25250541,25481412,29725898,43755624,25520671,31553888,
"21/03/2022 04:25:00",1036,11,45,52,60,50,80,60,50,60,60,80,40,58,54,53,47,59,48,53,62,55,58,52,23982507,30895367,32813857,24331872,23747522,25254319,25480658,29835062,43749269,25518404,31548548,
"21/03/2022 04:30:00",1038,11,44,51,60,50,80,60,50,60,60,80,40,58,54,53,47,59,48,53,62,55,59,52,23971634,30881652,32817671,24337380,23745392,25249793,25476141,29590081,43747998,25517653,31557452,
"21/03/2022 04:35:00",1039,11,44,51,60,50,80,60,50,60,60,80,40,58,54,53,47,59,48,53,62,55,58,52,23979103,30870669,32811955,24333934,23746108,25254322,25482166,29607840,43739108,25520672,31553888,
"21/03/2022 04:40:00",1038,11,44,52,60,50,80,60,50,60,60,80,40,58,54,53,47,59,48,53,62,55,59,52,23981145,30877072,32813859,24351836,23751776,25250544,25482920,29646455,43745456,25519160,31552105,
"21/03/2022 04:45:00",1036,11,44,52,60,50,80,60,50,60,60,80,40,58,54,53,47,59,48,53,61,55,58,52,23979785,30873415,32798672,24344268,23743991,25240758,25484428,29513034,43745458,25519915,31552105,
"21/03/2022 04:50:00",1038,11,45,52,60,50,80,60,50,60,60,80,40,58,54,53,47,59,48,53,62,55,58,52,23979783,30889874,32810998,24352531,23742563,25255830,25472375,29700502,43744186,25518403,31556561,
"21/03/2022 04:55:00",1034,11,44,52,60,50,80,60,50,60,60,80,40,58,54,53,47,59,48,53,62,55,58,52,23980465,30873412,32806243,24343566,23751068,25250541,25481414,29763325,43750541,25516891,31542320,
"21/03/2022 05:00:00",1035,11,44,51,60,50,80,60,50,60,60,80,40,57,54,52,47,59,48,52,62,55,58,52,23982506,30877983,32810045,24335310,23751783,25252052,25479152,29447158,43745457,25514625,31550323,
"21/03/2022 05:05:00",1036,11,44,51,60,50,80,60,50,60,60,80,40,57,54,52,47,58,48,52,62,55,58,53,23977065,30865194,32809094,24355286,23763141,25246774,25479152,29567447,43739107,25519159,31552107,
"21/03/2022 05:10:00",1034,11,44,51,60,50,80,59,50,60,60,80,40,57,54,52,47,58,48,52,62,55,58,52,23975028,30860624,32811952,24346334,23755329,25251301,25478397,29657551,43746727,25519917,31553887,
"21/03/2022 05:15:00",1033,11,44,51,60,50,80,60,50,60,60,80,40,57,54,52,47,58,48,52,62,55,58,52,23971326,30843297,32813858,24340122,23765977,25254319,25477645,29674419,43747998,25515380,31551213,
"21/03/2022 05:20:00",1033,11,44,51,60,50,80,60,50,60,60,80,40,57,54,52,47,58,48,52,62,55,58,52,23967499,30835132,32815766,24327753,23762423,25252054,25475383,29615479,43747999,25518404,31552997,
"21/03/2022 05:25:00",1037,11,44,51,60,50,80,60,50,60,60,80,40,57,54,52,47,58,48,52,62,55,58,52,23977411,30870673,32817671,24328440,23766688,25247525,25476891,29654119,43750539,25518403,31550324,
"21/03/2022 05:30:00",1037,11,44,51,60,50,80,59,50,60,60,80,40,58,54,52,47,58,48,53,61,55,58,52,23965392,30873412,32811951,24339433,23747521,25252808,25476891,29654977,43745456,25517648,31550323,
"21/03/2022 05:35:00",1038,11,44,51,60,50,80,60,50,60,60,80,40,57,54,52,47,58,48,53,61,55,58,52,23976386,30876155,32810998,24347694,23748234,25254319,25479152,29738562,43740374,25517647,31548541,
"21/03/2022 05:40:00",1034,11,44,51,60,50,80,59,50,60,60,80,40,57,54,53,47,58,48,52,61,55,58,52,23981825,30880732,32808146,24340127,23743322,25246767,25480658,29604445,43742921,25519915,31551214,
"21/03/2022 05:45:00",1034,11,44,52,60,50,80,60,50,60,60,80,40,58,54,53,47,59,48,53,61,55,58,52,23977070,30870683,32816718,24343561,23745397,25243750,25481414,29653284,43751812,25518406,31550323,
"21/03/2022 05:50:00",1032,11,44,51,60,50,80,60,50,60,60,80,40,57,54,52,47,58,48,52,61,55,58,52,23959504,30848791,32803390,24344253,23743285,25247524,25481412,29840784,43749269,25520671,31557453,
"21/03/2022 05:55:00",1033,11,44,52,60,50,80,60,50,60,60,80,40,57,54,52,47,59,48,53,61,55,58,52,23975025,30866104,32812905,24329821,23758876,25254318,25480658,29802703,43753084,25516136,31554778,
"21/03/2022 06:00:00",1031,11,44,52,60,50,80,60,50,60,60,80,40,58,54,53,47,58,48,53,61,55,58,52,23958082,30876155,32807194,24347698,23760299,25250541,25483675,29758184,43745459,25519161,31552997,
"21/03/2022 06:05:00",1037,11,44,51,60,50,80,60,50,60,60,80,40,57,54,52,47,58,48,52,62,55,58,52,23983188,30858842,32814812,24331881,23756040,25252810,25478397,29669468,43742915,25516139,31552997,
"21/03/2022 06:10:00",1032,11,44,51,60,50,80,60,50,60,60,80,40,57,54,52,47,58,48,52,62,55,58,52,23981828,30867929,32810046,24338754,23761010,25253563,25482166,29533114,43742915,25517648,31555669,
"21/03/2022 06:15:00",1034,11,44,51,60,50,80,60,50,60,60,80,40,57,54,52,47,58,48,52,62,55,58,53,23985232,30852414,32819579,24340811,23758879,25253564,25479152,29836625,43749269,25517648,31553888,
"21/03/2022 06:20:00",1033,11,44,51,60,50,80,60,50,60,60,80,40,57,54,52,47,58,48,52,62,55,59,52,23974366,30853319,32810998,24344957,23765980,25252815,25477644,29577661,43744186,25519159,31555669,
"21/03/2022 06:25:00",1038,11,43,51,60,50,80,59,50,60,60,80,40,57,54,52,47,58,48,52,62,55,58,52,23980096,30858803,32811952,24342877,23764557,25244517,25478398,29833231,43746728,25518406,31552997,
"21/03/2022 06:30:00",1027,11,43,51,60,50,80,60,50,60,60,80,40,57,54,51,47,58,48,52,62,55,58,52,23985912,30858792,32818626,24347690,23757458,25249034,25475385,29843276,43745457,25516137,31554780,
"21/03/2022 06:35:00",1030,11,43,51,60,50,80,60,50,60,60,80,40,57,54,52,46,58,48,52,62,55,58,52,23985230,30854238,32803390,24340822,23754634,25252053,25478398,29735284,43732778,25517647,31551218,
"21/03/2022 06:40:00",1033,11,44,51,60,50,80,60,50,60,60,80,40,57,54,52,47,58,48,52,61,55,58,52,23985912,30865185,32816718,24330517,23755327,25246767,25476138,29758395,43750540,25517647,31554779,
"21/03/2022 06:45:00",1032,11,44,51,60,50,80,60,50,60,60,80,39,57,54,52,46,59,48,52,61,55,58,52,23985911,30847856,32810999,24343568,23756743,25250544,25475383,29762373,43745457,25515380,31551214,
"21/03/2022 06:50:00",1038,11,44,51,60,50,80,60,50,60,60,80,39,57,54,52,46,59,48,52,61,55,58,52,23977744,30853315,32810045,24340818,23751790,25251298,25475384,29755637,43749269,25517648,31550324,
"21/03/2022 06:55:00",1033,11,44,51,60,50,80,60,50,60,60,80,39,57,54,52,46,58,48,52,61,55,58,52,23983868,30860618,32807204,24351144,23755325,25254319,25476140,29766612,43739116,25517651,31553888,
"21/03/2022 07:00:00",1035,11,44,51,60,50,80,60,50,60,60,80,40,57,54,52,47,58,48,52,61,54,58,52,23970409,30880728,32813859,24338062,23746821,25253567,25472377,29649857,43745457,25519918,31552996,
"21/03/2022 07:05:00",1033,11,44,51,60,50,80,60,50,60,60,80,39,57,54,52,46,58,48,52,61,54,58,52,23981146,30860621,32814811,24327760,23751067,25246767,25473127,29840762,43750542,25519917,31547650,
"21/03/2022 07:10:00",1032,11,44,51,60,50,80,60,50,60,60,80,39,57,54,52,47,58,48,52,61,54,58,52,23977746,30869756,32806236,24341512,23752492,25251298,25471618,29745722,43745456,25522184,31553887,
"21/03/2022 07:15:00",1030,11,43,51,60,50,80,60,50,60,60,80,40,56,53,51,47,58,48,52,62,54,58,52,23992724,30846040,32813860,24321572,23762432,25250544,25476890,29627935,43746727,25522940,31547650,
"21/03/2022 07:20:00",1031,11,42,50,60,50,80,60,50,60,60,80,40,56,53,51,47,58,48,52,62,54,57,52,23993407,30877983,32811953,24347694,23771671,25249787,25472370,29529927,43749269,25521428,31552108,
"21/03/2022 07:25:00",1036,11,42,50,60,50,80,60,50,60,60,80,40,56,53,51,46,58,47,52,62,54,58,52,23992723,30856965,32810998,24353197,23783043,25242242,25475383,29502319,43746727,25519159,31554779,
"21/03/2022 07:30:00",1037,11,42,50,60,50,80,60,49,60,60,80,40,56,53,50,46,57,48,51,62,54,57,52,23957333,30852402,32810046,24347014,23769547,25239243,25469356,29431444,43742915,25516135,31548541,
"21/03/2022 07:35:00",1018,11,42,50,60,50,80,60,50,60,60,80,40,56,53,50,46,57,47,52,62,54,58,52,23945566,30848752,32813858,24347013,23772380,25250544,25473876,29621209,43746727,25516137,31547652,
"21/03/2022 07:40:00",1028,11,42,50,60,50,80,60,50,60,60,80,40,56,53,50,46,57,47,52,62,54,58,52,23966180,30863360,32809092,24340815,23778069,25244517,25476890,29570075,43747997,25519916,31554778,
"21/03/2022 07:45:00",1036,11,42,50,60,50,80,60,50,60,60,80,39,56,53,50,46,57,47,51,62,54,57,52,23969581,30844202,32816719,24348388,23773804,25252808,25479151,29545051,43742916,25519160,31553888,
"21/03/2022 07:50:00",1029,11,41,50,60,50,80,60,50,60,60,80,40,56,53,50,46,57,47,51,62,54,57,52,23963006,30851491,32808141,24350446,23777355,25252054,25480658,29533981,43745458,25517647,31552995,
"21/03/2022 07:55:00",1027,11,41,50,60,50,80,60,50,60,60,80,39,55,53,50,46,57,47,51,62,54,58,52,23975020,30869754,32813859,24341504,23788016,25252053,25478397,29825354,43740380,25610971,31557452,
"21/03/2022 08:00:00",1034,11,41,50,60,50,80,60,50,60,60,80,40,55,53,50,46,57,47,51,62,54,58,52,23968604,30853312,32810998,24356650,23783750,25254319,25479905,29587601,43745457,25604119,31555670,
"21/03/2022 08:05:00",1032,11,41,50,60,50,80,60,50,60,60,80,40,55,53,50,46,57,47,51,62,53,58,52,23966862,30861532,32802451,24344969,23782329,25251298,25474634,29616314,43744193,25602597,31555670,
"21/03/2022 08:10:00",1024,11,41,50,60,50,80,60,50,60,60,80,40,55,53,50,46,57,47,51,62,54,58,52,23973660,30859705,32809097,24340132,23780191,25243757,25477644,29593846,43742920,25604123,31552996,
"21/03/2022 08:15:00",1034,11,41,50,60,50,80,60,50,60,60,80,40,55,53,50,46,57,47,51,62,54,57,52,23969581,30852402,32812907,24353197,23786603,25255830,25479152,29638990,43744190,25606403,31553888,
"21/03/2022 08:20:00",1030,11,41,50,60,50,80,60,50,60,60,80,39,56,53,50,46,57,47,51,62,54,57,52,23963043,30867013,32809092,24352510,23781614,25253562,25473877,29560816,43744187,25600316,31554778,
"21/03/2022 08:25:00",1035,11,42,50,60,50,80,60,50,60,60,80,39,56,53,50,46,57,47,51,61,54,57,52,23967243,30860620,32812906,24368368,23783752,25249788,25480658,29549063,43747998,25604120,31552105,
"21/03/2022 08:30:00",1025,11,42,50,60,50,80,60,50,60,60,80,40,56,53,50,46,57,47,51,61,54,57,52,23969967,30856051,32813858,24360776,23774511,25252055,25478397,29652430,43747999,25605641,31553887,
"21/03/2022 08:35:00",1029,11,41,50,60,50,80,60,50,60,60,80,39,56,53,50,46,57,47,51,62,53,58,52,23967924,30850576,32812905,24353897,23782331,25254323,25477644,29662469,43744187,25603359,31552105,
"21/03/2022 08:40:00",1031,11,42,50,60,50,80,60,51,60,60,80,40,56,53,50,46,57,47,51,61,53,57,52,23963687,30860620,32816718,24362846,23774518,25255831,25479905,29448033,43746728,25602607,31556561,
"21/03/2022 08:45:00",1037,11,42,50,60,50,80,60,50,60,60,80,39,56,53,50,46,57,47,51,61,53,57,52,23963460,30860618,32799592,24360781,23785172,25249791,25479151,29736105,43731513,25606403,31551217,
"21/03/2022 08:50:00",1037,11,41,49,60,50,80,60,50,60,60,80,39,56,53,50,46,56,47,51,61,53,57,52,23969924,30861532,32815766,24384227,23788739,25252809,25475384,29710082,43751811,25606405,31552998,
"21/03/2022 08:55:00",1023,11,41,50,60,50,80,60,50,60,60,80,39,56,53,50,46,57,47,51,61,53,57,52,23974339,30866100,32815765,24402185,23785180,25256586,25476138,29759954,43747997,25607164,31548541,
"21/03/2022 09:00:00",1032,11,42,50,60,50,80,60,50,60,60,80,39,56,53,50,46,57,47,51,61,54,57,52,23963430,30851492,32811951,24388382,23779483,25249790,25478398,29534720,43746727,25606403,31551217,
"21/03/2022 09:05:00",1034,11,41,50,60,50,80,60,50,60,60,80,39,55,53,50,46,57,47,51,62,54,57,52,23958806,30861532,32816718,24398729,23776641,25252810,25482166,29487306,43742922,25606404,31553888,
"21/03/2022 09:10:00",1037,11,42,50,60,50,80,60,50,60,60,80,39,56,53,51,46,57,47,51,61,54,58,52,23965504,30860621,32807194,24390436,23780192,25255074,25481412,29607903,43739121,25604883,31552105,
"21/03/2022 09:15:00",1031,11,44,51,60,50,79,60,50,60,60,80,39,57,54,52,46,58,47,51,61,54,57,51,23975028,30865189,32815765,24382850,23756042,25256585,25483673,29635527,43746727,25606404,31556561,
"21/03/2022 09:20:00",1035,11,45,51,60,50,80,60,50,60,60,80,39,58,54,53,46,58,47,51,61,54,57,51,23981145,30866101,32801498,24379394,23764558,25256585,25482166,29758163,43745456,25604119,31553887,
"21/03/2022 09:25:00",1039,11,45,51,60,50,80,60,50,60,60,80,39,58,53,53,46,57,47,51,61,54,57,51,23977067,30873413,32796744,24380792,23775218,25252054,25480658,29834000,43740381,25605643,31551213,
"21/03/2022 09:30:00",1030,11,44,51,60,50,80,60,50,60,60,80,39,57,54,53,47,58,47,51,61,54,57,51,23974688,30856972,32811004,24393911,23776639,25254320,25480660,29805775,43746727,25598798,31550322,
"21/03/2022 09:35:00",1031,11,44,51,60,50,80,60,50,60,60,80,39,58,54,53,46,58,47,51,60,54,57,51,23974343,30864289,32813858,24370465,23765269,25251303,25477644,29764056,43749268,25607164,31549432,
"21/03/2022 09:40:00",1037,11,45,50,60,50,80,60,50,60,60,80,39,58,54,53,46,58,47,51,60,54,57,51,23981145,30864282,32810049,24387683,23769529,25255829,25479905,29820258,43744191,25605642,31537873,
"21/03/2022 09:45:00",1033,11,44,50,60,50,80,60,50,60,60,80,38,57,53,53,46,57,47,51,60,54,57,51,23983189,30863359,32807196,24394582,23779482,25251298,25482920,29683566,43735304,25604881,31552996,
"21/03/2022 09:50:00",1034,11,44,50,60,50,80,60,50,60,60,80,39,58,53,53,46,57,47,51,60,54,57,51,23976381,30846015,32808147,24385611,23761716,25253562,25481412,29700463,43736571,25604881,31551214,
"21/03/2022 09:55:00",1015,11,44,50,60,50,80,60,50,60,60,80,39,58,54,53,46,57,47,51,60,54,57,51,23983871,30867015,32809093,24371117,23784463,25251298,25481413,29669261,43742915,25606403,31553888,
"21/03/2022 10:00:00",1031,11,44,50,60,50,80,60,50,60,60,80,38,57,53,52,46,57,47,51,60,54,57,51,23971926,30867013,32814811,24374581,23775936,25253563,25481412,29662455,43744186,25602597,31550323,
"21/03/2022 10:05:00",1033,11,44,50,60,50,80,60,50,60,60,80,38,57,53,52,46,57,47,51,61,54,57,51,23977747,30842397,32810998,24373893,23784474,25247520,25480659,29908652,43746728,25598047,31552106,
"21/03/2022 10:10:00",1031,11,43,49,60,50,80,60,50,60,60,80,37,57,52,51,45,56,46,50,58,51,55,49,23988637,30845104,32812906,24413270,23790154,25253562,25482166,29997018,43745456,25601837,31539642,
"21/03/2022 10:15:00",1036,11,43,49,60,50,80,60,50,60,60,80,36,57,53,51,44,56,46,50,58,51,55,50,23976732,30864271,32805302,24412579,23795139,25257340,25483675,30027298,43735312,25606403,31547651,
"21/03/2022 10:20:00",1031,11,43,49,60,50,80,60,50,60,60,80,36,56,53,50,44,56,46,50,58,52,55,50,23987274,30856965,32811953,24412576,23788734,25253563,25482166,30038671,43744186,25604880,31551214,
"21/03/2022 10:25:00",1034,11,43,49,60,50,80,60,50,60,60,80,37,57,53,51,44,56,46,50,59,52,55,50,23989317,30852411,32810045,24409814,23793716,25251299,25476890,30003911,43745457,25604119,31549432,
"21/03/2022 10:30:00",1026,11,43,49,60,50,80,60,50,60,60,80,37,56,52,50,45,56,46,50,59,52,55,50,23964188,30832341,32811951,24400817,23777354,25257341,25480659,30031766,43746727,25605642,31547651,
"21/03/2022 10:35:00",1036,11,43,49,60,50,80,60,50,60,60,80,37,56,53,50,45,56,46,50,59,52,55,50,23961042,30842363,32813858,24404967,23790868,25237767,25480659,29834801,43737835,25604119,31547649,
"21/03/2022 10:40:00",1017,11,42,49,60,50,80,60,50,60,60,80,37,56,52,50,45,56,46,50,59,52,55,50,23952438,30842362,32812905,24418784,23778770,25246766,25482920,29908493,43739109,25602597,31552105,
"21/03/2022 10:45:00",1037,11,42,49,60,50,80,60,50,60,60,80,37,56,52,50,44,56,46,50,59,52,55,50,23965501,30842382,32812904,24417407,23789445,25254320,25481412,30048136,43746727,25601076,31551214,
"21/03/2022 10:50:00",1034,11,42,49,60,50,80,60,50,60,60,80,37,56,52,50,45,56,46,50,59,52,55,50,23956292,30837822,32811953,24413947,23787304,25250542,25486690,30084486,43741645,25604119,31548543,
"21/03/2022 10:55:00",1029,11,42,49,60,50,80,60,50,60,60,80,37,56,52,50,44,56,47,50,59,52,55,50,23967543,30849662,32811951,24420181,23767611,25252811,25482167,29981574,43749269,25607164,31550323,
"21/03/2022 11:00:00",1040,11,42,49,60,50,80,60,50,60,60,80,37,56,52,50,44,56,46,50,59,52,55,50,23966190,30841448,32811954,24422263,23781634,25252807,25477644,29840124,43747998,25604881,31553888,
"21/03/2022 11:05:00",1031,11,42,49,60,50,80,61,50,60,60,80,37,56,53,50,44,56,46,50,59,52,55,50,23966182,30846012,32808139,24417415,23791584,25252054,25481412,29809226,43745457,25599553,31548542,
"21/03/2022 11:10:00",1033,11,42,49,60,50,80,60,50,60,60,80,37,57,53,50,44,56,46,50,59,52,55,50,23961606,30849665,32808150,24416021,23793006,25250542,25477644,29833049,43747998,25598798,31546759,
"21/03/2022 11:15:00",1035,11,43,49,60,50,80,60,50,60,60,80,37,57,53,51,44,56,46,50,59,52,55,50,23967538,30849661,32812904,24434053,23794427,25255076,25479151,29942948,43750539,25606403,31552996,
"21/03/2022 11:20:00",1038,11,43,49,60,50,80,60,50,60,60,80,37,57,53,51,44,56,46,50,59,52,55,50,23962148,30850626,32813858,24427805,23787315,25252055,25482166,30102605,43746729,25605642,31552105,
"21/03/2022 11:25:00",1030,11,43,49,60,50,80,60,50,60,60,80,37,56,53,51,44,56,46,50,59,52,55,50,23964523,30835186,32811951,24402882,23797275,25247528,25483674,29941229,43750540,25602597,31550323,
"21/03/2022 11:30:00",1039,11,42,49,60,50,80,60,50,60,60,80,37,56,52,50,44,56,46,50,59,52,55,50,23966564,30834160,32812905,24428485,23791587,25252809,25482166,29739045,43749271,25605642,31553887,
"21/03/2022 11:35:00",1034,11,42,49,60,50,80,60,50,60,60,80,37,56,52,50,44,56,46,50,60,52,55,50,23962110,30839625,32814812,24420176,23793008,25249787,25481412,29743889,43745457,25607164,31552997,
"21/03/2022 11:40:00",1027,11,42,49,60,50,80,60,50,60,60,80,37,56,52,50,44,56,46,50,60,52,55,50,23956630,30842362,32809094,24404278,23790868,25253565,25483674,29931841,43745456,25605641,31554778,
"21/03/2022 11:45:00",1035,11,42,49,60,50,80,60,50,60,60,80,37,56,52,50,44,56,46,50,60,52,55,50,23968232,30846924,32809092,24418797,23797274,25253564,25480658,29776271,43745456,25604120,31549433,
"21/03/2022 11:50:00",1027,11,42,49,60,50,80,60,50,60,60,80,37,56,52,50,44,56,46,50,60,53,55,50,23965885,30845098,32813858,24415325,23787318,25246775,25476890,29916185,43751811,25602597,31551214,
"21/03/2022 11:55:00",1030,11,42,49,60,50,80,60,50,60,60,80,37,56,52,50,44,56,46,50,60,52,55,50,23959645,30839624,32795804,24401518,23793716,25252052,25481412,29909252,43739106,25601837,31551213,
"21/03/2022 12:00:00",1036,11,42,49,60,50,80,60,50,60,60,80,37,56,52,50,44,56,46,50,60,52,55,50,23967538,30836891,32813858,24414653,23790158,25256585,25481412,29813513,43747997,25604880,31544092,
"21/03/2022 12:05:00",1036,11,42,49,60,50,80,60,50,60,60,80,37,56,52,50,44,56,46,50,60,52,55,50,23966188,30842363,32814811,24411183,23793723,25253564,25482919,29670113,43744186,25598796,31552105,
"21/03/2022 12:10:00",1034,11,42,49,60,50,80,60,50,60,60,80,37,56,53,51,44,56,46,50,60,52,55,50,23966859,30845102,32813858,24416712,23799417,25252809,25475384,29851871,43742915,25599554,31550322,
"21/03/2022 12:15:00",1036,11,43,49,60,50,80,60,50,60,60,80,37,56,53,51,44,56,46,50,59,53,55,50,23961764,30838712,32813859,24421572,23795847,25249031,25480658,29896510,43745460,25592713,31546760,
"21/03/2022 12:20:00",1041,11,42,49,60,50,80,60,50,60,60,80,37,57,52,51,44,56,46,50,60,52,55,50,23965162,30849668,32807187,24413263,23786595,25250545,25482166,29807620,43740374,25602597,31550322,
"21/03/2022 12:25:00",1029,11,42,49,60,50,80,60,50,60,60,80,37,56,52,50,44,56,46,50,60,52,56,50,23970941,30853312,32810998,24411887,23796564,25249034,25485182,29837393,43750539,25604119,31555670,
"21/03/2022 12:30:00",1030,11,42,49,60,50,80,60,50,60,60,80,37,56,53,50,44,56,46,50,60,52,55,50,23970605,30844190,32811952,24399422,23795140,25253563,25487445,29713257,43746727,25602598,31553887,
"21/03/2022 12:35:00",1028,11,42,49,60,50,80,60,50,60,60,80,38,56,52,50,44,56,46,50,60,52,55,50,23972301,30839625,32809097,24433342,23795851,25254318,25480658,29786548,43744191,25604120,31549433,
"21/03/2022 12:40:00",1023,11,42,49,60,50,80,60,50,60,60,80,38,56,52,50,44,56,46,50,60,52,55,50,23969964,30846923,32795818,24414642,23790871,25255074,25484428,29844420,43750540,25607165,31551214,
"21/03/2022 12:45:00",1032,11,42,49,60,50,80,60,50,60,60,80,37,56,52,50,44,56,46,50,60,52,55,50,23966862,30842363,32800556,24420868,23808680,25247526,25485182,30016003,43746729,25598033,31550325,
"21/03/2022 12:50:00",1005,11,42,49,60,50,80,60,50,60,60,80,37,56,52,50,44,56,46,50,59,52,55,50,23970646,30844185,32813860,24391818,23803693,25255074,25482166,29792219,43750542,25608686,31553887,
"21/03/2022 12:55:00",1039,11,42,49,60,50,80,60,50,60,60,80,38,56,53,50,44,56,46,50,60,52,56,51,23967805,30850577,32813859,24436809,23792291,25254319,25486691,29753441,43746728,25604119,31554778,
"21/03/2022 13:00:00",1024,11,42,49,60,50,80,60,50,60,60,80,38,56,52,50,44,56,46,50,60,52,56,51,23961421,30826923,32809093,24398094,23790156,25253563,25473131,29974655,43746727,25600315,31551213,
"21/03/2022 13:05:00",1034,11,42,49,60,50,80,60,50,60,60,80,37,56,53,50,44,56,45,50,60,52,56,51,23967248,30857881,32811004,24427790,23801553,25249032,25485182,30000491,43746727,25601838,31552105,
"21/03/2022 13:10:00",1034,11,42,49,60,49,80,60,49,60,60,79,37,56,52,50,44,55,45,49,59,52,54,49,23960749,30833322,32809092,24420878,23795145,25255074,25482166,29904076,43749269,25602597,31549434,
"21/03/2022 13:15:00",1036,11,43,49,60,50,80,60,50,60,60,80,37,57,53,50,44,56,46,50,60,52,56,50,23967539,30835989,32808141,24411195,23796575,25254318,25481412,30001511,43735295,25604880,31554778,
"21/03/2022 13:20:00",1029,11,43,49,60,50,80,60,50,60,60,80,37,57,53,51,44,56,46,50,60,52,55,50,23934868,30846929,32814811,24413274,23786641,25258852,25479904,29837438,43747999,25604127,31555669,
"21/03/2022 13:25:00",1032,11,43,49,60,50,80,60,50,60,60,80,37,56,53,51,44,56,46,50,60,52,56,51,23965205,30850574,32809092,24415339,23800126,25246785,25479905,29793902,43744186,25607164,31552107,
"21/03/2022 13:30:00",1039,11,43,49,60,50,80,60,50,60,60,80,38,57,53,51,44,56,46,50,60,53,56,51,23964442,30846016,32815765,24411180,23790867,25246014,25487444,29707903,43744186,25604881,31551213,
"21/03/2022 13:35:00",1040,11,43,50,60,50,80,60,50,60,60,80,38,57,53,51,44,56,46,49,59,52,55,50,23917605,30831738,32814812,24411202,23786623,25248280,25477644,29596863,43746727,25607166,31550323,
"21/03/2022 13:40:00",1033,11,43,49,60,50,80,60,50,60,60,80,38,57,53,51,44,56,46,50,60,53,56,51,23963463,30865187,32814812,24421570,23793714,25244507,25479904,29792396,43747998,25609448,31552105,
"21/03/2022 13:45:00",1030,11,43,50,60,50,80,60,50,60,60,80,38,57,53,51,45,56,46,50,60,53,56,51,23946309,30845098,32804344,24384467,23785949,25253565,25472375,29736225,43746727,25601079,31551214,
"21/03/2022 13:50:00",1037,11,43,50,60,50,80,60,50,60,60,80,38,57,53,51,45,56,46,50,60,53,56,51,23967539,30844185,32808139,24408416,23781627,25248281,25473124,29820319,43744187,25605641,31548541,
"21/03/2022 13:55:00",1027,11,43,50,60,50,80,60,50,60,60,80,38,56,53,51,44,56,46,49,60,52,56,50,23963309,30856064,32811000,24425026,23788747,25253566,25479911,29769141,43740378,25604123,31551213,
"21/03/2022 14:00:00",1021,11,43,50,60,50,80,60,50,60,60,80,38,57,53,51,44,56,46,50,60,53,56,51,23961423,30839624,32808139,24422940,23785888,25255074,25481412,29651620,43745456,25598793,31549431,
"21/03/2022 14:05:00",1034,11,43,50,60,50,80,60,50,60,60,80,38,57,53,51,45,56,46,50,60,53,56,51,23942126,30853315,32812906,24413944,23778120,25249044,25475384,29811763,43741649,25605642,31553887,
"21/03/2022 14:10:00",1028,11,43,50,60,50,80,60,50,60,60,80,38,57,53,52,45,57,47,51,60,53,56,51,23960745,30872499,32811951,24410485,23786594,25253565,25473876,29740361,43744186,25604119,31550322,
"21/03/2022 14:15:00",1028,11,44,50,60,50,80,60,50,60,60,80,38,57,53,52,45,57,47,51,60,53,56,51,23985230,30853318,32809093,24404265,23777350,25241514,25477647,29727606,43741645,25602597,31548541,
"21/03/2022 14:20:00",1036,11,44,50,60,50,80,60,50,60,60,80,38,58,54,53,46,57,47,51,60,53,57,51,23967426,30853316,32814816,24403569,23757541,25251296,25477645,29569226,43749269,25601836,31554778,
"21/03/2022 14:25:00",1037,11,45,51,60,50,80,60,50,60,60,80,39,58,53,53,46,58,47,52,61,54,57,51,23977744,30879811,32805287,24400113,23766687,25250541,25485936,29523986,43736571,25601837,31552107,
"21/03/2022 14:30:00",1034,11,45,51,60,50,80,60,50,60,60,80,39,59,54,54,46,59,48,52,61,54,58,51,23975702,30853517,32812905,24398738,23737605,25250541,25482166,29519798,43745459,25602599,31552996,
"21/03/2022 14:35:00",1029,11,46,52,60,50,80,60,50,60,60,80,39,58,54,54,47,59,48,52,61,54,58,52,23971622,30891705,32815766,24381467,23743981,25258852,25483673,29709826,43745457,25603358,31553887,
"21/03/2022 14:40:00",1030,11,46,52,60,50,80,60,50,60,60,80,40,59,55,54,47,59,48,53,62,55,59,52,23974341,30893539,32806246,24351827,23739020,25248277,25480659,29496393,43736574,25511603,31549432,
"21/03/2022 14:45:00",1032,11,46,52,60,50,80,60,50,60,60,80,40,59,55,54,47,59,49,53,62,55,59,52,23975020,30899945,32811954,24364928,23718493,25252056,25482166,29477360,43744189,25513111,31553888,
"21/03/2022 14:50:00",1032,11,47,53,60,50,80,60,50,60,60,80,40,60,55,55,48,60,49,53,62,56,59,53,23977742,30908188,32814813,24358030,23718478,25254319,25479905,29605254,43744186,25511602,31551216,
"21/03/2022 14:55:00",1036,11,47,53,60,50,80,60,50,60,60,80,41,60,55,56,48,60,50,53,63,56,60,53,23967206,30908191,32812906,24304412,23714244,25252808,25483674,29587565,43745456,25513867,31553887,
"21/03/2022 15:00:00",1037,11,48,53,60,50,80,60,50,60,60,80,41,60,56,56,49,61,50,54,63,56,60,53,23968220,30912771,32813858,24307845,23708574,25252807,25482166,29329699,43747998,25517647,31554780,
"21/03/2022 15:05:00",1038,11,48,53,60,50,80,60,50,60,60,80,41,60,56,56,49,61,50,54,63,56,60,53,23964442,30914611,32814812,24310583,23718478,25250543,25479151,29454690,43746728,25513113,31552999,
"21/03/2022 15:10:00",1044,11,48,54,60,50,80,60,50,60,60,80,42,60,55,57,49,61,50,54,64,57,61,53,23963804,30920106,32813859,24291400,23708572,25249796,25476890,29421393,43745457,25511600,31553887,
"21/03/2022 15:15:00",1039,11,49,54,60,50,80,60,50,60,60,80,42,60,56,57,49,61,50,55,64,57,61,54,23968217,30909126,32811952,24294834,23702920,25253563,25473125,29405663,43742915,25508579,31553887,
"21/03/2022 15:20:00",1039,11,49,54,60,50,80,60,50,60,60,80,42,60,56,57,50,62,51,55,64,57,61,54,23953671,30901778,32808144,24262684,23697268,25252053,25475383,29415945,43749269,25510090,31553000,
"21/03/2022 15:25:00",1038,11,49,54,60,50,80,60,50,60,60,80,42,61,56,57,50,62,51,55,64,57,61,54,23964138,30900863,32810998,24253811,23690916,25252807,25478397,29244074,43745457,25511601,31554779,
"21/03/2022 15:30:00",1034,11,49,54,60,50,80,60,50,60,60,80,42,61,56,57,50,62,51,55,64,57,61,54,23965203,30918278,32810999,24270858,23689505,25246773,25479905,29266983,43744187,25511602,31548541,
"21/03/2022 15:35:00",1038,11,49,54,60,50,80,60,50,60,60,80,42,61,56,58,50,62,51,55,64,57,61,54,23957988,30912772,32808149,24278378,23694442,25256586,25476137,29266155,43745457,25517647,31553889,
"21/03/2022 15:40:00",1036,11,49,54,60,50,80,59,50,60,60,80,42,61,56,57,50,62,51,55,64,57,62,54,23964819,30916436,32814811,24275643,23688089,25255074,25482920,29355240,43749268,25515380,31555669,
"21/03/2022 15:45:00",1038,11,49,54,60,50,80,60,50,60,60,80,42,61,56,58,50,62,51,55,64,57,61,54,23960551,30905487,32813859,24277694,23683150,25242239,25477644,29279433,43750540,25510845,31554779,
"21/03/2022 15:50:00",1044,11,49,55,60,50,80,60,50,60,60,80,42,61,56,58,50,62,51,55,64,57,61,54,23966859,30923771,32815765,24277702,23681737,25256585,25482166,29248194,43748000,25513867,31557453,
"21/03/2022 15:55:00",1039,11,50,55,60,50,80,60,50,60,60,80,42,61,56,58,50,63,51,56,64,57,61,54,23956075,30928362,32814811,24280435,23671869,25251298,25479904,29243194,43747997,25513869,31552107,
"21/03/2022 16:00:00",1039,11,50,55,60,50,80,60,50,60,60,80,42,61,56,58,50,63,51,56,64,57,61,54,23962783,30935699,32813860,24277690,23672575,25249045,25480659,29314744,43750540,25509339,31557453,
"21/03/2022 16:05:00",1045,11,50,55,60,50,80,60,50,60,60,80,42,61,56,58,51,63,52,56,64,57,62,54,23951895,30925605,32803423,24281801,23676098,25246767,25338994,29228498,43742915,25511601,31558344,
"21/03/2022 16:10:00",1038,11,50,55,60,50,80,60,50,60,60,80,42,61,57,58,50,63,51,56,64,57,61,54,23962101,30922879,32815765,24275651,23676097,25251296,25344207,29146073,43747998,25513111,31553889,
"21/03/2022 16:15:00",1039,11,50,55,60,50,80,60,50,60,60,80,42,61,57,58,50,63,51,56,64,58,61,54,23956752,30929276,32802441,24279061,23672571,25243751,25350175,29484658,43740395,25509334,31543214,
"21/03/2022 16:20:00",1041,11,50,55,60,50,80,60,50,60,60,80,42,61,57,59,51,63,52,56,64,58,62,54,23964523,30951318,32811951,24242176,23662715,25257341,25347191,29246603,43742917,25508579,31556561,
"21/03/2022 16:25:00",1037,11,50,55,60,50,80,60,50,60,60,80,42,62,57,59,51,63,52,56,64,58,62,54,23951029,30948554,32800545,24274275,23665528,25254318,25347191,29355223,43747997,25509335,31546768,
"21/03/2022 16:30:00",1042,11,50,55,60,50,80,60,50,60,60,80,43,61,57,59,51,62,52,56,65,58,62,54,23947937,30938452,32811951,24273593,23666230,25254320,25344952,29323729,43747998,25508579,31553888,
"21/03/2022 16:35:00",1041,11,50,55,60,50,80,60,50,60,60,80,43,61,57,58,51,63,52,56,64,58,62,54,23968898,30947635,32813858,24261984,23659899,25242249,25346443,29274372,43745457,25509334,31551216,
"21/03/2022 16:40:00",1041,11,50,55,60,50,81,60,50,60,60,80,42,62,57,59,51,62,52,56,64,58,61,54,23952610,30929278,32807186,24263356,23656376,25246010,25339732,29344431,43732755,25498763,31544979,
"21/03/2022 16:45:00",1039,11,50,55,60,50,80,60,50,60,60,80,42,62,57,59,51,63,52,56,64,58,62,54,23956923,30929274,32811952,24266766,23659189,25249786,25344952,29420675,43741644,25504802,31548542,
"21/03/2022 16:50:00",1042,11,50,55,60,50,80,60,50,60,60,80,43,61,57,58,51,63,52,56,64,58,61,54,23966858,30932028,32810047,24268803,23667641,25251297,25344951,29500016,43740375,25508578,31551214,
"21/03/2022 16:55:00",1041,11,50,55,60,50,80,60,50,60,60,80,42,61,57,58,51,62,52,56,64,58,61,54,23960740,30929275,32814811,24265392,23664827,25252807,25343460,29369479,43747998,25510845,31554778,
"21/03/2022 17:00:00",1043,11,49,55,60,50,80,60,50,60,60,80,43,61,56,58,51,62,52,56,64,58,62,54,23968605,30936618,32814811,24283851,23677519,25253565,25344952,29365092,43745456,25510846,31557452,
"21/03/2022 17:10:38","-","-",0,0,0,0,0,0,0,0,0,0,0,0,0,0,0,0,0,0,0,0,0,0,0,0,0,0,0,0,0,0,0,0,0,
"21/03/2022 17:15:38","-","-",0,0,0,0,0,0,0,0,0,0,0,0,0,0,0,0,0,0,0,0,0,0,0,0,0,0,0,0,0,0,0,0,0,
